Artist Name,Artist Link,Video Title,Video URL,Duration
EPIK THE DAWN,https://www.youtube.com/@epikthedawn_,The Get Back - J cole type beat 2024,https://www.youtube.com/watch?v=K1ueJ466l6s,4:00
EPIK THE DAWN,https://www.youtube.com/@epikthedawn_,1 HOUR OF BEATS that will make you better than Kendrick Lamar,https://www.youtube.com/watch?v=jjRLOgE2Jn0,71:03:00
EPIK THE DAWN,https://www.youtube.com/@epikthedawn_,Boondocks 3 - kendrick lamar x j cole type beat,https://www.youtube.com/watch?v=f_5YG130QQw,4:06
EPIK THE DAWN,https://www.youtube.com/@epikthedawn_,Epik Elite Membership - 600+ Beats for $50 | All Type Beats!!,https://www.youtube.com/watch?v=yAjqYCOXWKc,1:00
EPIK THE DAWN,https://www.youtube.com/@epikthedawn_,"Schoolboy Q Type Beat, Kendrick Lamar Type Beat - Hood Politics 3",https://www.youtube.com/watch?v=YIggg0-osvA,3:37
EPIK THE DAWN,https://www.youtube.com/@epikthedawn_,jack harlow type beat - WHISTLE (bed squeak),https://www.youtube.com/watch?v=FYmaUh277ZU,4:00
EPIK THE DAWN,https://www.youtube.com/@epikthedawn_,"""Super Saiyan Flow"" - [FREE] Japanese Type Beat 2020",https://www.youtube.com/watch?v=7kvXLAAHKPg,4:14
EPIK THE DAWN,https://www.youtube.com/@epikthedawn_,MONEY TREES 2 - kendrick lamar x jay rock type beat 2024,https://www.youtube.com/watch?v=6PCnf0VA0Jk,4:48
EPIK THE DAWN,https://www.youtube.com/@epikthedawn_,"""Slay-Toven 2"" -  jid type beat | kendrick lamar type beat",https://www.youtube.com/watch?v=2h8Kl0kDSbk,3:15
EPIK THE DAWN,https://www.youtube.com/@epikthedawn_,"""Hood Politics 4"" | (FREE) Schoolboy Q x Kendrick Lamar Type Beat 2020",https://www.youtube.com/watch?v=--y_2F6PVh0,4:19
LAB RAT Beats,https://www.youtube.com/@labratunes,"(Free) Eminem x SLIM SHADY Type Beat | ""NO FILTERS""",https://www.youtube.com/watch?v=Dvdm7VVKVB0,3:24
LAB RAT Beats,https://www.youtube.com/@labratunes,"(Free) Eminem x SLIM SHADY Type Beat | ""CAFFEINE"" [w/BEATSWITCH]",https://www.youtube.com/watch?v=-B0HqT7hvdE,3:25
LAB RAT Beats,https://www.youtube.com/@labratunes,(Free) Eminem x SLIM SHADY Type Beat | ‚ÄúRUN THIS THING‚Äù,https://www.youtube.com/watch?v=HvTg281pyhw,3:44
LAB RAT Beats,https://www.youtube.com/@labratunes,*SOLD* Eminem x SLIM SHADY Type Beat | ‚ÄúPUBLIC ENEMY‚Äù,https://www.youtube.com/watch?v=EMyenpcPegU,4:08
LAB RAT Beats,https://www.youtube.com/@labratunes,"(Free) Eminem x SLIM SHADY Type Beat | ""OFF THE MEDS""",https://www.youtube.com/watch?v=WK9IXu4oyUE,2:54
LAB RAT Beats,https://www.youtube.com/@labratunes,"(Free) Eminem x SLIM SHADY Type Beat | ""NICOTINE""",https://www.youtube.com/watch?v=KDX5w20qJOs,2:59
LAB RAT Beats,https://www.youtube.com/@labratunes,(Free) Eminem x SLIM SHADY Type Beat | ‚ÄúJUNKYARD‚Äù,https://www.youtube.com/watch?v=wXIhYbP-6VI,4:04
LAB RAT Beats,https://www.youtube.com/@labratunes,(Free) Eminem x SLIM SHADY Type Beat | ‚ÄúHI KIDS‚Äù [w/BEATSWITCH],https://www.youtube.com/watch?v=e5Bm2vJHz8M,4:59
LAB RAT Beats,https://www.youtube.com/@labratunes,"(Free) Eminem FREESTYLE Type Beat | ""LYRICAL MURDER""",https://www.youtube.com/watch?v=Mf7O17aQHM4,4:00
LAB RAT Beats,https://www.youtube.com/@labratunes,"(Free) Eminem FREESTYLE Type Beat | ""FLOW""",https://www.youtube.com/watch?v=kea6Ylc2G4g,3:46
Beat Cartel,https://www.youtube.com/@BeatCartel-n4r,"(FREE) 90s Freestyle Boom Bap Beat | ""16 Bars"" | Underground Hip Hop Instrumental",https://www.youtube.com/watch?v=sYj-mdRp7E0&pp=0gcJCesJAYcqIYzv,5:53
Beat Cartel,https://www.youtube.com/@BeatCartel-n4r,"(FREE) 90s Freestyle Boom Bap Beat | ""Back Down"" | Underground Hip Hop Instrumental",https://www.youtube.com/watch?v=E7_VLsihpNk,3:12
Beat Cartel,https://www.youtube.com/@BeatCartel-n4r,"(FREE) 90s Freestyle Boom Bap Beat | ""Hardknock"" | Underground Hip Hop Instrumental",https://www.youtube.com/watch?v=2IB09XUNqqI,5:39
Beat Cartel,https://www.youtube.com/@BeatCartel-n4r,"(FREE) 90s Freestyle Boom Bap Beat | ""Facts"" | Underground Hip Hop Instrumental",https://www.youtube.com/watch?v=0syccH1X8Ck,3:12
Beat Cartel,https://www.youtube.com/@BeatCartel-n4r,"(FREE) 90s Freestyle Boom Bap Beat | ""Tension"" | Underground Hip Hop Instrumental",https://www.youtube.com/watch?v=jw6DMd81T_I&pp=0gcJCesJAYcqIYzv,3:19
Beat Cartel,https://www.youtube.com/@BeatCartel-n4r,"(FREE) 90s Freestyle Boom Bap Beat | ""Kill Count"" | Underground Hip Hop Instrumental",https://www.youtube.com/watch?v=oK4iHY6A65k,3:18
Beat Cartel,https://www.youtube.com/@BeatCartel-n4r,"(FREE) 90s Freestyle Boom Bap Beat | ""Boroughs"" | Underground Hip Hop Instrumental",https://www.youtube.com/watch?v=V1AxSnFx2YM,3:11
Beat Cartel,https://www.youtube.com/@BeatCartel-n4r,"(FREE) 90s Freestyle Boom Bap Beat | ""Jungle"" | Underground Hip Hop Instrumental",https://www.youtube.com/watch?v=gnBOzqcwC5c,3:38
Beat Cartel,https://www.youtube.com/@BeatCartel-n4r,"(FREE) 90s Freestyle Boom Bap Beat | ""Nobody Move"" | Underground Hip Hop Instrumental",https://www.youtube.com/watch?v=x_ot7VoUUU0,2:40
Beat Cartel,https://www.youtube.com/@BeatCartel-n4r,"(FREE) 90s Freestyle Boom Bap Beat | ""God Flavour"" | Underground Hip Hop Instrumental",https://www.youtube.com/watch?v=41ALHeoZPIU,3:42
H1TMAN Beats,https://www.youtube.com/@H1TMANBEATS,"[FREE] Slim Shady x Eminem Type Beat - ""EVIL ATTACK"" (prod. H1TMAN)",https://www.youtube.com/watch?v=LxNr0vsoRls,3:23
H1TMAN Beats,https://www.youtube.com/@H1TMANBEATS,"Eminem x D12 Type Beat ""DRIVE-BY"" (prod. H1TMAN)",https://www.youtube.com/watch?v=Roy2ul0ISro,3:56
H1TMAN Beats,https://www.youtube.com/@H1TMANBEATS,Sad Storytelling Eminem Type Beat - 'SUICIDAL THOUGHTS' (prod. H1TMAN),https://www.youtube.com/watch?v=iUBo7rGXaoo,4:05
H1TMAN Beats,https://www.youtube.com/@H1TMANBEATS,"[FREE] Eminem x Slim Shady Type Beat ""DEATH LIST"" (prod. H1TMAN) 2000s Old School Rap Beat",https://www.youtube.com/watch?v=cGK_V8sQviE,3:27
H1TMAN Beats,https://www.youtube.com/@H1TMANBEATS,"[FREE] Old School Eminem Diss Type Beat ""DEATH WISH"" (prod. H1TMAN)",https://www.youtube.com/watch?v=6PTTW3UJrVE&pp=0gcJCesJAYcqIYzv,2:47
H1TMAN Beats,https://www.youtube.com/@H1TMANBEATS,"[FREE] Eminem 8 Mile Type Beat ""THE STAGE"" (prod. H1TMAN)",https://www.youtube.com/watch?v=O3qVPCui1_Q,3:32
H1TMAN Beats,https://www.youtube.com/@H1TMANBEATS,"[FREE] Eminem x D12 Type Beat ""Execute"" (prod. H1TMAN)",https://www.youtube.com/watch?v=uNdHCGoKptc,3:51
H1TMAN Beats,https://www.youtube.com/@H1TMANBEATS,"[FREE] Slim Shady Type Beat ""CALL ME SHADY"" (prod. H1TMAN) 2000s Old School",https://www.youtube.com/watch?v=NruegceUs6M,3:45
H1TMAN Beats,https://www.youtube.com/@H1TMANBEATS,"[FREE] Eminem Encore 2004 Type Beat ""Dopamine"" (prod. H1TMAN)",https://www.youtube.com/watch?v=SEcc7MpToVA,3:44
H1TMAN Beats,https://www.youtube.com/@H1TMANBEATS,"[FREE] Eminem Emotional Type Beat ""MISS YOU"" (prod. H1TMAN)",https://www.youtube.com/watch?v=Mkpm2A48j5o,3:01
PUIA,https://www.youtube.com/@puiabeats,"[FREE] JID x DENZEL CURRY TYPE BEAT ""DEFECT""",https://www.youtube.com/watch?v=m-oC87oxXzU,2:46
PUIA,https://www.youtube.com/@puiabeats,"[FREE] DOECHII x BOOM BAP TYPE BEAT ""DIAMONDS""",https://www.youtube.com/watch?v=y2OdKMypJCs,2:49
PUIA,https://www.youtube.com/@puiabeats,"[SOLD] JID x DENZEL CURRY TYPE BEAT ""HANDS UP""",https://www.youtube.com/watch?v=62WmqxFetjg,3:14
PUIA,https://www.youtube.com/@puiabeats,"[FREE] JID x DENZEL CURRY TYPE BEAT ""THUMPER""",https://www.youtube.com/watch?v=SVkDcJNtfKQ,2:26
PUIA,https://www.youtube.com/@puiabeats,"[FREE] DOECHII x BOOM BAP TYPE BEAT ""BOX""",https://www.youtube.com/watch?v=Et9dhRzl0hU,2:51
PUIA,https://www.youtube.com/@puiabeats,"[FREE] TYLER THE CREATOR x DOECHII TYPE BEAT ""WONKY""",https://www.youtube.com/watch?v=dqFiskSAcIk,2:42
PUIA,https://www.youtube.com/@puiabeats,"[FREE] JID x DENZEL CURRY TYPE BEAT ""RUN IT!""",https://www.youtube.com/watch?v=jHhNDZoUKPU,3:49
PUIA,https://www.youtube.com/@puiabeats,"[FREE] KENDRICK x DOECHII TYPE BEAT ""THE BOSS""",https://www.youtube.com/watch?v=mK1ky3Dlf-4,3:53
PUIA,https://www.youtube.com/@puiabeats,"[FREE] JID x DENZEL CURRY TYPE BEAT ""SHOTS""",https://www.youtube.com/watch?v=roM0p8yzQs4,3:57
PUIA,https://www.youtube.com/@puiabeats,"[FREE] JID x DENZEL CURRY TYPE BEAT ""KNOCK""",https://www.youtube.com/watch?v=ii6nM1KzI0k,3:09
BapLab,https://www.youtube.com/@BapLab,(FREE) Old School Freestyle Boom Bap Type Beat - Streets,https://www.youtube.com/watch?v=ABeau_RhZBc,2:08
BapLab,https://www.youtube.com/@BapLab,(FREE) Freestyle Rap Beat - Projects | Old School Freestyle Boom Bap Type Beat,https://www.youtube.com/watch?v=Q0dedxT8y1E,3:44
BapLab,https://www.youtube.com/@BapLab,(FREE) Old School Freestyle Boom Bap Type Beat - Guardian,https://www.youtube.com/watch?v=GeJbD66D0bo,3:52
BapLab,https://www.youtube.com/@BapLab,(FREE) Freestyle Rap Beat - Dolla | Old School Freestyle Boom Bap Type Beat,https://www.youtube.com/watch?v=q_U0Ih0jrrM,2:08
BapLab,https://www.youtube.com/@BapLab,(FREE) Old School Freestyle Boom Bap Type Beat - Ballout,https://www.youtube.com/watch?v=0yHBlZbRQZo&pp=0gcJCesJAYcqIYzv,3:04
BapLab,https://www.youtube.com/@BapLab,(SOLD) Old School Freestyle Boom Bap Type Beat - Fall,https://www.youtube.com/watch?v=iJco0MVCC-E,4:03
BapLab,https://www.youtube.com/@BapLab,(FREE) Rap Beat - Locked Up | Old School Freestyle Boom Bap Type Beat,https://www.youtube.com/watch?v=yf5JktbIhqs,2:55
BapLab,https://www.youtube.com/@BapLab,(FREE) Rap Beat - Blinders | Old School Freestyle Boom Bap Type Beat,https://www.youtube.com/watch?v=HSAxWPwK2sA,3:57
BapLab,https://www.youtube.com/@BapLab,(FREE) Old School Freestyle Boom Bap Type Beat - The Game,https://www.youtube.com/watch?v=7m2ck8yEZEU,4:06
BapLab,https://www.youtube.com/@BapLab,(FREE) Rap Beat - Big Talk | Old School Freestyle Boom Bap Type Beat,https://www.youtube.com/watch?v=oXAkzG7I3PI,4:22
JustDan Beats,https://www.youtube.com/@justdanbeats,[FREE] JID x Earthgang x Kendrick Lamar Type Beat | ‚ÄúSkywalk‚Äú,https://www.youtube.com/watch?v=p9NpdOcOlC0,3:03
JustDan Beats,https://www.youtube.com/@justdanbeats,[FREE] JID x Kendrick Lamar x Dreamville Type Beat | ‚ÄúRemember‚Äú,https://www.youtube.com/watch?v=M7WuBPXwUqk,2:10
JustDan Beats,https://www.youtube.com/@justdanbeats,[FREE] J. Cole x Mac Miller x Isaiah Rashad Chill Type Beat | ‚ÄúOne Thing Left‚Äú,https://www.youtube.com/watch?v=GR_Rss4o11M,5:39
JustDan Beats,https://www.youtube.com/@justdanbeats,[FREE] J. Cole x Kendrick Lamar x JID Type Beat | ‚ÄúEyes of Truth‚Äú,https://www.youtube.com/watch?v=rs1lujvI4Q4,5:11
JustDan Beats,https://www.youtube.com/@justdanbeats,"[FREE] J Cole x Kendrick Lamar Freestyle Type Beat | ""The Decision""",https://www.youtube.com/watch?v=71gaiv6FdUw,2:58
JustDan Beats,https://www.youtube.com/@justdanbeats,[FREE] Kendrick Lamar x Cordae x Dreamville Type Beat | ‚ÄúNo Joke‚Äú,https://www.youtube.com/watch?v=j6Hvdb8NKyM,3:39
JustDan Beats,https://www.youtube.com/@justdanbeats,[FREE] JID x 21 Savage x J Cole Type Beat | ‚ÄúVillain Eyes‚Äú,https://www.youtube.com/watch?v=TvkEa90Nq28,3:47
JustDan Beats,https://www.youtube.com/@justdanbeats,[FREE] Earthgang x J.I.D x GoldLink Type Beat | ‚ÄúMidnight Talk‚Äú,https://www.youtube.com/watch?v=T-lCEAHV5TY,2:55
JustDan Beats,https://www.youtube.com/@justdanbeats,[FREE] Earthgang x Dreamville x Kendrick Lamar Type Beat | ‚ÄúUndercover‚Äú,https://www.youtube.com/watch?v=rErf12Lfn94,3:51
JustDan Beats,https://www.youtube.com/@justdanbeats,"[FREE] BABY KEEM x ASAP ROCKY TYPE BEAT - ""4 REAL""",https://www.youtube.com/watch?v=Dm9gJcp0J3s&pp=0gcJCesJAYcqIYzv,4:10
Reasy Beats,https://www.youtube.com/@reasybeats8022,"(FREE) Kendrick Lamar Type Beat 2021 ""Humbled"" | Hard Trap Type Beat 2021",https://www.youtube.com/watch?v=ZOg2iBMbwy0,3:15
Reasy Beats,https://www.youtube.com/@reasybeats8022,"(FREE) Eminem Old School Type Beat ""Kill"" | Freestyle Type Beat",https://www.youtube.com/watch?v=jZXiMLZ2-RY,3:31
Reasy Beats,https://www.youtube.com/@reasybeats8022,"(FREE) Eminem Old School Type Beat ""Bulletproof"" | Freestyle Type Beat",https://www.youtube.com/watch?v=yW0xcFtRjJM,3:15
Reasy Beats,https://www.youtube.com/@reasybeats8022,"(FREE) Eminem Old School Type Beat ""Bunny 3"" | Freestyle Type Beat",https://www.youtube.com/watch?v=N_FiD2ZkyL8,3:07
Reasy Beats,https://www.youtube.com/@reasybeats8022,"(FREE) Eminem Old School Type Beat ""Name Call 2"" | Freestyle Type Beat",https://www.youtube.com/watch?v=aqLZM_3oepQ,3:39
Reasy Beats,https://www.youtube.com/@reasybeats8022,"(FREE) Dr. Dre x Eminem Old School Type Beat ""Delirious"" | Freestyle Type Beat",https://www.youtube.com/watch?v=94ByEhoxh18,3:25
Reasy Beats,https://www.youtube.com/@reasybeats8022,"(FREE) Eminem Old School Type Beat ""Hush"" | Freestyle Type Beat",https://www.youtube.com/watch?v=N0CoVxVQDmk,3:15
Reasy Beats,https://www.youtube.com/@reasybeats8022,"(FREE) Eminem Old School Type Beat ""Lawless"" | Freestyle Type Beat",https://www.youtube.com/watch?v=q0objAPJtbM,3:15
Reasy Beats,https://www.youtube.com/@reasybeats8022,"(FREE) Eminem Old School Type Beat ""Judge"" | Freestyle Type Beat",https://www.youtube.com/watch?v=38QkQ2NUtiA,3:15
Reasy Beats,https://www.youtube.com/@reasybeats8022,"(FREE) Eminem Old School Type Beat ""Insane"" | Freestyle Type Beat",https://www.youtube.com/watch?v=36CGM9fI7yc&pp=0gcJCesJAYcqIYzv,3:36
ARVM Beats,https://www.youtube.com/@ARVMBEATS,[FREE] J. Cole x Kendrick Lamar x JID Type Beat ~ ‚ÄúThe Story of Persephone‚Äú,https://www.youtube.com/watch?v=rtGPBdvhZnU,9:56
ARVM Beats,https://www.youtube.com/@ARVMBEATS,[FREE] J. Cole x Kendrick Lamar x JID Type Beat ~ ‚ÄúThe Vault 2‚Äú,https://www.youtube.com/watch?v=dP9eEaif0ig,17:38
ARVM Beats,https://www.youtube.com/@ARVMBEATS,[FREE] J. Cole x 21 Savage x JID Type Beat ~ ‚ÄúSay Goodnight‚Äú,https://www.youtube.com/watch?v=zQOiTdp35Zs,4:28
ARVM Beats,https://www.youtube.com/@ARVMBEATS,[FREE] J. Cole x Kendrick Lamar x JID Type Beat ~ ‚ÄúThe Vault 3‚Äú,https://www.youtube.com/watch?v=C1dHGryAHsU&t=44s,20:46
ARVM Beats,https://www.youtube.com/@ARVMBEATS,[FREE] J. Cole x Kendrick Lamar x JID Type Beat ~ ‚ÄúLife's Story‚Äú,https://www.youtube.com/watch?v=e5O0vLc4H8o,8:57
ARVM Beats,https://www.youtube.com/@ARVMBEATS,[FREE] J. Cole x Kendrick Lamar x JID Type Beat ~ ‚ÄúLocked‚Äú,https://www.youtube.com/watch?v=_zq75Zn5mes,3:46
ARVM Beats,https://www.youtube.com/@ARVMBEATS,[FREE] J. Cole x JID x Drake Freestyle Type Beat ~ ‚ÄúPrice of Love‚Äú,https://www.youtube.com/watch?v=AT33HF2k_fI,5:34
ARVM Beats,https://www.youtube.com/@ARVMBEATS,[FREE] J. Cole x Kendrick Lamar x JID Type Beat ~ ‚ÄúHands of War‚Äú,https://www.youtube.com/watch?v=yLi8nFNN-sY,4:26
ARVM Beats,https://www.youtube.com/@ARVMBEATS,[FREE] J. Cole x Kendrick Lamar x JID Type Beat ~ ‚ÄúPark Bench‚Äú,https://www.youtube.com/watch?v=m7B8CK8Npa8,4:22
ARVM Beats,https://www.youtube.com/@ARVMBEATS,[FREE] J. Cole x Kendrick Lamar x JID Type Beat ~ ‚ÄúThe Vault 1‚Äú,https://www.youtube.com/watch?v=ZEhMCbHRaac,18:17
Chief Beatz,https://www.youtube.com/@ChiefBeatzrap,"(FREE) MF DOOM x Joey Bada$$ x Boom Bap 90s Type Beat - ""Hustle""",https://www.youtube.com/watch?v=Y06TLDt8QLw,4:19
Chief Beatz,https://www.youtube.com/@ChiefBeatzrap,"(FREE) MF DOOM x Joey Bada$$ x Boom Bap 90s Type Beat - ""Revenge""",https://www.youtube.com/watch?v=Y8WoSfASXug,4:19
Chief Beatz,https://www.youtube.com/@ChiefBeatzrap,"(FREE) MF DOOM x Joey Bada$$ x Boom Bap 90s Type Beat - ""Cold Stare""",https://www.youtube.com/watch?v=hFsf5r6Q0H0,4:19
Chief Beatz,https://www.youtube.com/@ChiefBeatzrap,"(FREE) MF DOOM x Joey Bada$$ x Boom Bap 90s Type Beat - ""Vision""",https://www.youtube.com/watch?v=5t4PTd0swkw,4:08
Chief Beatz,https://www.youtube.com/@ChiefBeatzrap,"(FREE) MF DOOM x Joey Bada$$ x Boom Bap 90s Type Beat - ""Villain""",https://www.youtube.com/watch?v=2AugFBwID58,4:19
Chief Beatz,https://www.youtube.com/@ChiefBeatzrap,"(FREE) MF DOOM x Joey Bada$$ x Boom Bap 90s Type Beat - ""Lonely""",https://www.youtube.com/watch?v=Ya692cy2IGk,4:19
Chief Beatz,https://www.youtube.com/@ChiefBeatzrap,"(FREE) MF DOOM x Joey Bada$$ x Boom Bap 90s Type Beat - ""Hollow""",https://www.youtube.com/watch?v=6-MO4nTjnT8,4:19
Chief Beatz,https://www.youtube.com/@ChiefBeatzrap,"(FREE) MF DOOM x Joey Bada$$ x Boom Bap 90s Type Beat - ""Legend""",https://www.youtube.com/watch?v=ckdLPcgzbdU,4:16
Chief Beatz,https://www.youtube.com/@ChiefBeatzrap,"(FREE) MF DOOM x Joey Bada$$ x Boom Bap 90s Type Beat - ""Destiny""",https://www.youtube.com/watch?v=qvCeYNrkcU8,4:38
Chief Beatz,https://www.youtube.com/@ChiefBeatzrap,"(FREE) MF DOOM x Joey Bada$$ x Boom Bap 90s Type Beat - ""Puff""",https://www.youtube.com/watch?v=7sSMIg2TMwc,4:13
Chxse Bank,https://www.youtube.com/@chxsebank,"[FREE] JID Type Beat ""Deep Space""",https://www.youtube.com/watch?v=KvzIh1fyF0Q,4:42
Chxse Bank,https://www.youtube.com/@chxsebank,"*FREE* Mac Miller Type Beat ""Floating""",https://www.youtube.com/watch?v=hL2i3LOO3Tk,3:40
Chxse Bank,https://www.youtube.com/@chxsebank,"*FREE* Mac Miller ft. J Cole Type Beat ""Space Age""",https://www.youtube.com/watch?v=agvtF8KP8Mc,3:12
Chxse Bank,https://www.youtube.com/@chxsebank,"[FREE] Mac Miller Type Beat ""Smoke Break""",https://www.youtube.com/watch?v=zrwz_b966rs,3:35
Chxse Bank,https://www.youtube.com/@chxsebank,"[FREE] JID Type Beat ""Evil Spells""",https://www.youtube.com/watch?v=W-BDQWi-GnA,4:56
Chxse Bank,https://www.youtube.com/@chxsebank,"[FREE] Kid Cudi Type Beat ""Endless""",https://www.youtube.com/watch?v=jhHw39Lo2eI,2:40
Chxse Bank,https://www.youtube.com/@chxsebank,"*FREE* Mac Miller Type Beat ""Satans Game""",https://www.youtube.com/watch?v=YdC1uqs4mG8,3:05
Chxse Bank,https://www.youtube.com/@chxsebank,"[FREE] Mac Miller Type Beat ""Stuck in Orbit""",https://www.youtube.com/watch?v=TPquab2kZYM,4:00
Chxse Bank,https://www.youtube.com/@chxsebank,"(FREE) MAC MILLER X KID CUDI TYPE BEAT ""VINTAGE""",https://www.youtube.com/watch?v=MxgsvvTRLeE,2:49
Chxse Bank,https://www.youtube.com/@chxsebank,"[FREE] Mac Miller Type Beat ""Low Again""",https://www.youtube.com/watch?v=GIWKo_D1Few,4:48
MD XXL Vol. 3,https://www.youtube.com/@beatsbymdxxl3,"[BOUNCY] West Coast x Detroit Type Beat 2025 - ""Tear Me Apart""",https://www.youtube.com/watch?v=H1WMpjT52I8,3:18
MD XXL Vol. 3,https://www.youtube.com/@beatsbymdxxl3,"[BOUNCY] New Jazz x Detroit Type Beat 2025 - ""Leave Me Now""",https://www.youtube.com/watch?v=yCcvpI-8E4I,2:56
MD XXL Vol. 3,https://www.youtube.com/@beatsbymdxxl3,"[BOUNCY] West Coast x Detroit Type Beat 2025 - ""Tough To Choose""",https://www.youtube.com/watch?v=ReqTVzdNfRU,2:51
MD XXL Vol. 3,https://www.youtube.com/@beatsbymdxxl3,"[BOUNCY] New Jazz x Detroit Type Beat 2025 - ""Trust You""",https://www.youtube.com/watch?v=TC68-c2_pY8,3:22
MD XXL Vol. 3,https://www.youtube.com/@beatsbymdxxl3,"[SOLD] YN Jay x Detroit Type Beat 2024 - ""Turf War""",https://www.youtube.com/watch?v=WD4-BrYO0W0,3:02
MD XXL Vol. 3,https://www.youtube.com/@beatsbymdxxl3,"[BOUNCY] West Coast x 2000's x Detroit Type Beat 2025 - ""Don't Wanna Cry""",https://www.youtube.com/watch?v=kXOAts3wOjk,2:56
MD XXL Vol. 3,https://www.youtube.com/@beatsbymdxxl3,"[BOUNCY] West Coast x Detroit Type Beat 2025 - ""Alive""",https://www.youtube.com/watch?v=iUwMw8gl3cI,3:04
MD XXL Vol. 3,https://www.youtube.com/@beatsbymdxxl3,"[FREE] YN Jay x Detroit Sample Type Beat 2024 - ""Ghetto""",https://www.youtube.com/watch?v=wWHrALkDr6Y,2:56
MD XXL Vol. 3,https://www.youtube.com/@beatsbymdxxl3,"[BOUNCY] West Coast x Detroit Type Beat 2025 - ""Find A Way""",https://www.youtube.com/watch?v=dxW-GSaVbJY,3:04
MD XXL Vol. 3,https://www.youtube.com/@beatsbymdxxl3,"[BOUNCY] Piano x Slow Jerk Type Beat 2025 - ""Have My Back""",https://www.youtube.com/watch?v=x3lcOH0EUHY,3:06
Youngsadtrippin,https://www.youtube.com/@youngsadtrippiin,(FREE) BABY KEEM X ASAP ROCKY TYPE BEAT ~ PRAISE THE LORD,https://www.youtube.com/watch?v=OJ1qp4KvPVY,2:53
Youngsadtrippin,https://www.youtube.com/@youngsadtrippiin,(FREE) BABY KEEM X KENDRICK LAMAR TYPE BEAT ~ WONDERCHILD,https://www.youtube.com/watch?v=Y0GbjUuirMY&pp=0gcJCesJAYcqIYzv,2:47
Youngsadtrippin,https://www.youtube.com/@youngsadtrippiin,(FREE) BABY KEEM X ASAP ROCKY TYPE BEAT ~ ANGELS,https://www.youtube.com/watch?v=RBgE-IhqU0g,2:35
Youngsadtrippin,https://www.youtube.com/@youngsadtrippiin,(FREE) BABY KEEM X ASAP ROCKY TYPE BEAT ~ BABUSHKA,https://www.youtube.com/watch?v=5Lw6-20B8sg,2:52
Youngsadtrippin,https://www.youtube.com/@youngsadtrippiin,Travis Scott x Kanye West Type Beat ~ Maria I Have Sinned,https://www.youtube.com/watch?v=yam8NWhsi8Q,3:15
Youngsadtrippin,https://www.youtube.com/@youngsadtrippiin,(FREE) BABY KEEM X ASAP ROCKY TYPE BEAT ~ MAFIA,https://www.youtube.com/watch?v=xlTa5szvNBk,2:37
Youngsadtrippin,https://www.youtube.com/@youngsadtrippiin,(FREE) BABY KEEM X ASAP ROCKY TYPE BEAT ~ SWITCHING LANES,https://www.youtube.com/watch?v=T6gW8HCx4G0,2:36
Youngsadtrippin,https://www.youtube.com/@youngsadtrippiin,(FREE) BABY KEEM X ASAP ROCKY TYPE BEAT ~ RODEO,https://www.youtube.com/watch?v=wSV-F6NFVjM,2:53
Youngsadtrippin,https://www.youtube.com/@youngsadtrippiin,(FREE) Meek Mill x Drake Type Beat ~ Broken Promises,https://www.youtube.com/watch?v=zzFxFqlY-nk,3:35
Youngsadtrippin,https://www.youtube.com/@youngsadtrippiin,(FREE) ASAP ROCKY TYPE BEAT X DRAKE TYPE BEAT ~ PRAISE THE LORD 2,https://www.youtube.com/watch?v=peEFbWtHEKk,2:28
Tekilla Beats,https://www.youtube.com/@tekillabeats,"Trap Type Beat - ""STORM"" | Type Beat | Freestyle Beat | Free Trap Instrumental 2024",https://www.youtube.com/watch?v=GqrIlNX-1o0,3:03
Tekilla Beats,https://www.youtube.com/@tekillabeats,"Trap Type Beat - ""ROLLIN"" | Type Beat | Freestyle Beat | Free Trap Beat Rap Instrumental 2024",https://www.youtube.com/watch?v=hwVzt4ihe_Q&pp=0gcJCesJAYcqIYzv,3:50
Tekilla Beats,https://www.youtube.com/@tekillabeats,"Trap Type Beat - ""REBEL"" | Type Beat | Freestyle Beat | Free Trap Instrumental 2024",https://www.youtube.com/watch?v=kk2eEWub20w,3:40
Tekilla Beats,https://www.youtube.com/@tekillabeats,"(SOLD) Trap Type Beat - ""ATTACK"" | Type Beat | Freestyle Beat | Free Instrumental 2024",https://www.youtube.com/watch?v=CBa6TF9EZwM,3:26
Tekilla Beats,https://www.youtube.com/@tekillabeats,"Trap Type Beat - ""BACK"" | Type Beat | Freestyle Beat | Free Instrumental 2024",https://www.youtube.com/watch?v=VOJOimLQt0w,3:35
Tekilla Beats,https://www.youtube.com/@tekillabeats,"Trap Type Beat - ""INVASION"" | Type Beat | Freestyle Beat | Free Instrumental 2024",https://www.youtube.com/watch?v=0kSIlinFH3g,3:49
Tekilla Beats,https://www.youtube.com/@tekillabeats,"Trap Type Beat - ""TIES"" | Type Beat | Freestyle Beat | Free Trap Instrumental 2025",https://www.youtube.com/watch?v=Lc5sCiI3JKM,3:25
Tekilla Beats,https://www.youtube.com/@tekillabeats,"Trap Type Beat - ""DOOM"" | Type Beat | Freestyle Beat | Free Trap Instrumental 2025",https://www.youtube.com/watch?v=Hn0W_ofdh4M,2:25
Tekilla Beats,https://www.youtube.com/@tekillabeats,"Trap Type Beat - ""LUNAR"" | Type Beat | Freestyle Beat | Free Instrumental 2024",https://www.youtube.com/watch?v=VWUZpMibsn4,3:36
Tekilla Beats,https://www.youtube.com/@tekillabeats,"Trap Type Beat - ""AWAY"" | Type Beat | Freestyle Beat | Free Trap Instrumental 2024",https://www.youtube.com/watch?v=ZM33i4G9waA,3:17
Yung Pear,https://www.youtube.com/@YungPear,"üçê [FREE] SOB x RBE Type Beat - ""Coastin'"" | Mozzy x Tee Grizzley Type Beat",https://www.youtube.com/watch?v=SblfuuwmeTk,3:24
Yung Pear,https://www.youtube.com/@YungPear,"üçê [FREE] Shoreline Mafia Type Beat - ""Like That""",https://www.youtube.com/watch?v=_zLJ6sBw7Pc,3:27
Yung Pear,https://www.youtube.com/@YungPear,"üçê [FREE] Shoreline Mafia Type Beat - ""Drum gun"" | SOB x RBE Type Beat",https://www.youtube.com/watch?v=iCbyHCG0uzA,3:07
Yung Pear,https://www.youtube.com/@YungPear,"üçê [FREE] Blueface x YG Type Beat - ""Bazooka""",https://www.youtube.com/watch?v=4FYkvWh59UE,2:14
Yung Pear,https://www.youtube.com/@YungPear,"üçê [FREE] Shoreline Mafia x SOB x RBE x 03 Greedo Type Beat - ""NA$TY"" | West Coast Beat",https://www.youtube.com/watch?v=ocqFrxrKjUQ,2:36
Yung Pear,https://www.youtube.com/@YungPear,"üçê [FREE] SOB x RBE Type Beat - ""Run it up"" | Shoreline Mafia Type Beat",https://www.youtube.com/watch?v=GKK645I6wGs,3:41
Yung Pear,https://www.youtube.com/@YungPear,"üçê [FREE] Shoreline Mafia Type Beat - ""Dasani"" | SOB x RBE Type Beat",https://www.youtube.com/watch?v=2HE1GYlIDNA,3:14
Yung Pear,https://www.youtube.com/@YungPear,"üçê [FREE] Shoreline Mafia Type Beat - ""Disingenuous"" | YG x Tyga Type Beat",https://www.youtube.com/watch?v=Z0JHpExRfTQ,3:31
Yung Pear,https://www.youtube.com/@YungPear,"üçê [FREE] YG x Blueface Type Beat - ""Half the team hit"" | West Coast Type Beat",https://www.youtube.com/watch?v=Rwt55bFHpA0,3:41
Yung Pear,https://www.youtube.com/@YungPear,"üçê [FREE] Shoreline Mafia Type Beat - ""Mafia Sinatra"" | SOB x RBE Type Beat",https://www.youtube.com/watch?v=wXSJEP0wbwg,3:31
BR Shady Beats,https://www.youtube.com/@BRShadyBeats,"[FREE] Eminem x 50 Cent x Dr. Dre type beat - ""THAT FEELING"" | Hip-Hop Rap Instrumental 2022",https://www.youtube.com/watch?v=1IwXkhyx6l8,3:29
BR Shady Beats,https://www.youtube.com/@BRShadyBeats,"[FREE] Sad Eminem Type Beat ""Worthless"" | Sad Old-School Rap Instrumental 2022 | Sad 90s Rap Beat",https://www.youtube.com/watch?v=lYKUFnY7sMk,3:32
BR Shady Beats,https://www.youtube.com/@BRShadyBeats,"[FREE] Eminem type beat - ""RAP BOY"" | Old-School Hip-Hop Rap Instrumental 2022 | Funny type beat",https://www.youtube.com/watch?v=0OfqXGr_S7c,3:53
BR Shady Beats,https://www.youtube.com/@BRShadyBeats,"Old School Eminem Type Beat - ""M-16"" | Dark 90s Boom Bap Rap Instrumental",https://www.youtube.com/watch?v=AsCcp5aJGaM,3:46
BR Shady Beats,https://www.youtube.com/@BRShadyBeats,"[EXCLUSIVE] Sad Eminem Type Beat ""Tired"" | Old-School Rap Instrumental | Sad Boom Bap 90s Type Beat",https://www.youtube.com/watch?v=Tyzz3HZPXjc&pp=0gcJCesJAYcqIYzv,4:01
BR Shady Beats,https://www.youtube.com/@BRShadyBeats,"[FREE] Eminem type beat - ""RAP GOD II"" | Hard Rap Instrumental 2022",https://www.youtube.com/watch?v=ysnpLXx7aCc,6:04
BR Shady Beats,https://www.youtube.com/@BRShadyBeats,"Eminem x Rihanna type beat - ""Love & Lies"" | Acoustic Guitar Pop-Rap Instrumental 2023",https://www.youtube.com/watch?v=HLw32xhGmyI,4:28
BR Shady Beats,https://www.youtube.com/@BRShadyBeats,"[FREE] Eminem x Slim Shady type beat - ""Please Stand Up"" | Quirky Hip-Hop Rap Instrumental 2022",https://www.youtube.com/watch?v=1jBN1m37zfo,4:26
BR Shady Beats,https://www.youtube.com/@BRShadyBeats,"Sad Old-School Eminem Type Beat ~ ""Don't Cry"" | Sad Piano Rap Instrumental",https://www.youtube.com/watch?v=Jm8gjfcg72E,4:12
BR Shady Beats,https://www.youtube.com/@BRShadyBeats,"Eminem Type Beat with hook ""STAN II"" | Storytelling Rap Instrumental 2023",https://www.youtube.com/watch?v=A4sLbsXMO4E&pp=0gcJCesJAYcqIYzv,6:33
Waise Beats,https://www.youtube.com/@WaisBeatz,"(FREE) MF DOOM x Joey Bada$$ x 90s Boom Bap Type Beat - ""Hustler Life""",https://www.youtube.com/watch?v=4fJXBRXMrQI&pp=0gcJCesJAYcqIYzv,5:11
Waise Beats,https://www.youtube.com/@WaisBeatz,"(FREE) MF DOOM x Joey Bada$$ x 90s Boom Bap Type Beat - ""Down Glasses""",https://www.youtube.com/watch?v=DOR8rgVtDco,5:36
Waise Beats,https://www.youtube.com/@WaisBeatz,"(FREE) MF DOOM x Joey Bada$$ x 90s Boom Bap Type Beat - ""Grooming""",https://www.youtube.com/watch?v=16frBZYag6o,5:05
Waise Beats,https://www.youtube.com/@WaisBeatz,"(FREE) MF DOOM x Joey Bada$$ x 90s Boom Bap Type Beat - ""Fluxes""",https://www.youtube.com/watch?v=VN_HrCCpQyw,5:33
Waise Beats,https://www.youtube.com/@WaisBeatz,"(FREE) MF DOOM x Joey Bada$$ x 90s Boom Bap Type Beat - ""Wake-up""",https://www.youtube.com/watch?v=2D-XpvabEIQ,5:13
Waise Beats,https://www.youtube.com/@WaisBeatz,"(FREE) MF DOOM x Joey Bada$$ x 90s Boom Bap Type Beat - ""Black Hole""",https://www.youtube.com/watch?v=Lt8uuwf8-uU&pp=0gcJCesJAYcqIYzv,4:55
Waise Beats,https://www.youtube.com/@WaisBeatz,"(FREE) MF DOOM x Joey Bada$$ x 90s Boom Bap Type Beat - ""Star Hood""",https://www.youtube.com/watch?v=f6onImLnMxs,5:15
Waise Beats,https://www.youtube.com/@WaisBeatz,"(FREE) MF DOOM x Joey Bada$$ x 90s Boom Bap Type Beat - ""Joints""",https://www.youtube.com/watch?v=jGnGgpbHrwA,5:27
Waise Beats,https://www.youtube.com/@WaisBeatz,"(FREE) MF DOOM x Joey Bada$$ x 90s Boom Bap Type Beat - ""Flow Blunt""",https://www.youtube.com/watch?v=7Z7p0tgjSSk,5:32
Waise Beats,https://www.youtube.com/@WaisBeatz,"(FREE) MF DOOM x Joey Bada$$ x 90s Boom Bap Type Beat - ""Bouncy""",https://www.youtube.com/watch?v=VcgLzGLycec,5:23
Jethnav Beats,https://www.youtube.com/@jethnavbeats,"Eminem x Slim Shady Type Beat - ""Burn it"" | Quirky Hip Hop Guitar Instrumental",https://www.youtube.com/watch?v=2ev0mHZ-ZKM,3:11
Jethnav Beats,https://www.youtube.com/@jethnavbeats,"Eminem Type Beat - ""Stand"" | Slim Shady Type Beat",https://www.youtube.com/watch?v=DANj6QDAaCw,4:19
Jethnav Beats,https://www.youtube.com/@jethnavbeats,"Eminem Without Me Type Beat - ""Slap God"" | New Hip Hop Instrumental",https://www.youtube.com/watch?v=htOvKvcZ3Vg,4:24
Jethnav Beats,https://www.youtube.com/@jethnavbeats,"(SOLD) Eminem x Rihanna Type Beat (Love the way you lie) - ""Chains"" | Pop Rap Instrumental",https://www.youtube.com/watch?v=xzWOLe3qej8,4:20
Jethnav Beats,https://www.youtube.com/@jethnavbeats,"Eminem Type Beat (Lose Yourself) - ""Fright"" | Hip Hop Instrumental",https://www.youtube.com/watch?v=kQqLZt5uxR0,5:15
Jethnav Beats,https://www.youtube.com/@jethnavbeats,"Eminem Type Beat 2021 (Killer) - ""Hitter"" | Hip Hop Instrumental",https://www.youtube.com/watch?v=08r5ARJMLTk,2:47
Jethnav Beats,https://www.youtube.com/@jethnavbeats,"Eminem Type Beat - ""Gimmicks""  | Without Me Type Beat",https://www.youtube.com/watch?v=oiCneHMbQAQ,3:30
Jethnav Beats,https://www.youtube.com/@jethnavbeats,"Eminem (Without Me) Type Beat - ""Chopped Liver"" | Hip Hop Club Banger Instrumental",https://www.youtube.com/watch?v=5rWs7m5tv6w,3:30
Jethnav Beats,https://www.youtube.com/@jethnavbeats,"Eminem x Slim Shady Type Beat - ""Job"" | Hip Hop Instrumental",https://www.youtube.com/watch?v=4Df3CX_fXbM,3:14
Jethnav Beats,https://www.youtube.com/@jethnavbeats,"Eminem Type Beat 2021 (Without me) - ""Hellion"" | Hip Hop Instrumental",https://www.youtube.com/watch?v=2lJ6-rnIKRI,3:56
ThatKidGoran,https://www.youtube.com/@ThatKidGoran,Mac Miller x YBN Cordae Type Beat - 'Need You',https://www.youtube.com/watch?v=WQoCKFiTCmo,3:24
ThatKidGoran,https://www.youtube.com/@ThatKidGoran,J. Cole x Mac Miller Type Beat - 'Hope',https://www.youtube.com/watch?v=5Jd-gfq3aDo,3:15
ThatKidGoran,https://www.youtube.com/@ThatKidGoran,Eminem x Logic x Joyner Lucas Type Beat - 'Georgie',https://www.youtube.com/watch?v=5ytFvIco2bo,3:56
ThatKidGoran,https://www.youtube.com/@ThatKidGoran,Mac Miller Type Beat - 'Eternal',https://www.youtube.com/watch?v=wrHpk4024Og,3:55
ThatKidGoran,https://www.youtube.com/@ThatKidGoran,Dope Funky Old-School Hip-Hop Beat (Primal Scream - Loaded Remix),https://www.youtube.com/watch?v=PR1eU7a-8xY&pp=0gcJCesJAYcqIYzv,3:48
ThatKidGoran,https://www.youtube.com/@ThatKidGoran,Russ x Logic Type Beat - 'the Mob',https://www.youtube.com/watch?v=9d1Spcr5XSE&pp=0gcJCesJAYcqIYzv,2:51
ThatKidGoran,https://www.youtube.com/@ThatKidGoran,Mac Miller Type Beat - 'Netflix & Chill' (Sold),https://www.youtube.com/watch?v=b1F29fQ6Otc,3:02
ThatKidGoran,https://www.youtube.com/@ThatKidGoran,J. Cole x Mac Miller Type Beat - 'Goodbyes' | Storytelling Boom Bap Beat,https://www.youtube.com/watch?v=t7Yufe83uLA,3:59
ThatKidGoran,https://www.youtube.com/@ThatKidGoran,Logic x Eminem Type Beat - 'Prey',https://www.youtube.com/watch?v=ghciiuZWHtc,4:05
ThatKidGoran,https://www.youtube.com/@ThatKidGoran,Mac Miller Type Beat - 'Sunshine',https://www.youtube.com/watch?v=xiSk3siLf3g,3:37
JLY Beats,https://www.youtube.com/@JLYBEATS,[FREE] JID x Kendrick Lamar x J Cole Type Beat | ‚ÄúPrepared for Battle‚Äú,https://www.youtube.com/watch?v=Po9r480mQbg,4:28
JLY Beats,https://www.youtube.com/@JLYBEATS,[FREE] JID x Kendrick Lamar x J Cole Type Beat | ‚ÄúLight Of Life‚Äú,https://www.youtube.com/watch?v=4atz1f9XtTI,4:16
JLY Beats,https://www.youtube.com/@JLYBEATS,[FREE] JID x Kendrick Lamar x J. Cole Type Beat ‚úû ‚ÄúFor Worse‚Äú,https://www.youtube.com/watch?v=Jzl_ExTM2ec,4:26
JLY Beats,https://www.youtube.com/@JLYBEATS,[FREE] JID x Kendrick Lamar x J Cole Type Beat | ‚ÄúFear No Evil‚Äú,https://www.youtube.com/watch?v=h7xv_mVwMlU,3:50
JLY Beats,https://www.youtube.com/@JLYBEATS,[FREE] JID x Kendrick Lamar x J Cole Type Beat ‚úû ‚ÄúSet Apart‚Äú,https://www.youtube.com/watch?v=UMc-dvBoUjU,3:46
JLY Beats,https://www.youtube.com/@JLYBEATS,[FREE] JID x Kendrick Lamar x J Cole Type Beat ‚úû ‚ÄúZemanim‚Äú,https://www.youtube.com/watch?v=7CYeFrdtA2E,4:10
JLY Beats,https://www.youtube.com/@JLYBEATS,[FREE] JID x Kendrick Lamar x J Cole Type Beat | ‚ÄúBartimaeus‚Äú,https://www.youtube.com/watch?v=_XeDDEOxOVU,4:07
JLY Beats,https://www.youtube.com/@JLYBEATS,[FREE] JID x Kendrick Lamar x J. Cole Type Beat ‚úû ‚ÄúDeceiver‚Äú,https://www.youtube.com/watch?v=eatxTRKa5_s,4:21
JLY Beats,https://www.youtube.com/@JLYBEATS,[FREE] JID x Kendrick Lamar x J Cole Type Beat | ‚ÄúRobe‚Äú,https://www.youtube.com/watch?v=SnOWjA-R12k,4:07
JLY Beats,https://www.youtube.com/@JLYBEATS,[FREE] JID x Kendrick Lamar x J Cole Type Beat | ‚ÄúTrumpet‚Äôs Sound‚Äú,https://www.youtube.com/watch?v=_cQO40PVeJc&pp=0gcJCesJAYcqIYzv,4:00
Clintyn Beatz,https://www.youtube.com/@Clintynbeatz,[FREE] 90s OldSchool Boom Bap Dark Hip Hop Instrumental Beat  - Dollar,https://www.youtube.com/watch?v=sGHuKAmOT_o,3:53
Clintyn Beatz,https://www.youtube.com/@Clintynbeatz,"""Killshot"" 90s Oldschool BOOM BAP Dark Hip Hop Instrumental Beat",https://www.youtube.com/watch?v=snzOfPNJg3k&pp=0gcJCesJAYcqIYzv,3:44
Clintyn Beatz,https://www.youtube.com/@Clintynbeatz,[FREE] Dark Boom Bap Dark Hip Hop Instrumental Beat  - Crime Scene,https://www.youtube.com/watch?v=-4fJNaS9-yY,3:03
Clintyn Beatz,https://www.youtube.com/@Clintynbeatz,"[FREE] Joey Bada$$ x 90s Boom bap Type Beat - ""Street Poetry""",https://www.youtube.com/watch?v=lz4sJo19-E4,3:35
Clintyn Beatz,https://www.youtube.com/@Clintynbeatz,[FREE] 90s OldSchool Boom Bap Dark Hip Hop Instrumental Beat  - Backwood,https://www.youtube.com/watch?v=4AkaNzB25YQ,3:45
Clintyn Beatz,https://www.youtube.com/@Clintynbeatz,[FREE] 90s OldSchool Boom Bap Dark Hip Hop Instrumental Beat  - Lethal,https://www.youtube.com/watch?v=gqTwmclX5Yg,2:52
Clintyn Beatz,https://www.youtube.com/@Clintynbeatz,[FREE] 90s OldSchool Boom Bap Dark Hip Hop Instrumental Beat  - GhostFace,https://www.youtube.com/watch?v=oSa8hj1JJOw,3:22
Clintyn Beatz,https://www.youtube.com/@Clintynbeatz,(FREE) 90s Freestyle Type Beat X Boom Bap Rap Instrumental - Villain,https://www.youtube.com/watch?v=gcy7-1kCrDA,3:36
Clintyn Beatz,https://www.youtube.com/@Clintynbeatz,[FREE] 90s OldSchool Boom Bap Dark Hip Hop Instrumental Beat  - Skeletons,https://www.youtube.com/watch?v=tq9z50Pdq5A&pp=0gcJCesJAYcqIYzv,4:06
Clintyn Beatz,https://www.youtube.com/@Clintynbeatz,[FREE] 90s OldSchool Boom Bap Dark Hip Hop Instrumental Beat  - No Rules,https://www.youtube.com/watch?v=9N9x4rM5J0U&pp=0gcJCesJAYcqIYzv,3:51
Absaroth,https://www.youtube.com/@absaroth,"Cinematic Type Beat - ""AZRAEL"" | Orchestra Type Beat",https://www.youtube.com/watch?v=0cxmx7CbbY4,4:30
Absaroth,https://www.youtube.com/@absaroth,"Medieval Type Beat - ""HYMNS IN MY HEAD"" | Nordic Scandinavian Type Beat",https://www.youtube.com/watch?v=IBG3SsWTtdU,3:49
Absaroth,https://www.youtube.com/@absaroth,"Orchestra Type Beat - ""ARCHITECTI"" | Romantic Type Beat",https://www.youtube.com/watch?v=uiI4GCHX5ME,4:16
Absaroth,https://www.youtube.com/@absaroth,"Orchestra Type Beat - ""ASTRA MILITARUM"" | Cinematic Type Beat",https://www.youtube.com/watch?v=MtjXiRs_vQA,4:05
Absaroth,https://www.youtube.com/@absaroth,"Arabic Type Beat - ""ADEPTUS CUSTODES"" | Middle East Type Beat",https://www.youtube.com/watch?v=YMvkfQlzX3s,4:32
Absaroth,https://www.youtube.com/@absaroth,"Orchestra Drill Beat ""SOSA"" | Mozart Lacrimosa Drill",https://www.youtube.com/watch?v=ymHVdFb31As,4:30
Absaroth,https://www.youtube.com/@absaroth,"Orchestra NY Drill Beat - ""HATERS"" | Violin Drill Beat",https://www.youtube.com/watch?v=n0qxUJeTKPU,4:24
Absaroth,https://www.youtube.com/@absaroth,"Arabic Type Beat - ""NAMROD"" | Middle East Type Beat",https://www.youtube.com/watch?v=4Y0zhZ8r5hU,4:48
Absaroth,https://www.youtube.com/@absaroth,"Arabic Type Beat - ""SAYTIR"" | Middle East Type Beat",https://www.youtube.com/watch?v=XnTAS-mDS-o,4:05
Absaroth,https://www.youtube.com/@absaroth,"Orchestra Type Beat - ""ADEPTUS ASTRONOMICA"" | Violin Type Beat",https://www.youtube.com/watch?v=Ph9TzIj1y-M,3:35
Rujay,https://www.youtube.com/@Rujay,"""Sinister"" - Suspense Rap Beat | Free Dark Hip Hop Instrumental Music 2018 | Ihaksi #Instrumentals",https://www.youtube.com/watch?v=vcEqFYFTqCc,3:51
Rujay,https://www.youtube.com/@Rujay,"""Nasty"" - Chill Freestyle Trap Beat | Free Rap Hip Hop Instrumental 2019 | Simonsayz #Instrumentals",https://www.youtube.com/watch?v=ahOlMUImqos,4:25
Rujay,https://www.youtube.com/@Rujay,"""I Don't Know"" - Inspiring Trap Beat | New Rap Hip Hop Instrumental 2020 | MAKDOUBLE #Instrumentals",https://www.youtube.com/watch?v=sPHTCiqm0nc,3:45
Rujay,https://www.youtube.com/@Rujay,"""God Bless"" - Freestyle Rap Beat | Free Trap Hip Hop Instrumental Music 2018 | Luxray #Instrumentals",https://www.youtube.com/watch?v=A4MAnec_Mms,4:11
Rujay,https://www.youtube.com/@Rujay,"""Tell 'Em"" - Freestyle Trap Beat | Free Rap Hip Hop Instrumental 2022 | YoungGotti #Instrumentals",https://www.youtube.com/watch?v=iNRBoZRxNd4,3:15
Rujay,https://www.youtube.com/@Rujay,"""Go Harder"" - Motivational Trap Beat | Rap Hip Hop Instrumental 2022 | YoungGotti #Instrumentals",https://www.youtube.com/watch?v=X6U5O-zKXlk,3:43
Rujay,https://www.youtube.com/@Rujay,"""Murda"" - Evil Sinister Rap Beat | New Hip Hop Instrumental Music 2020 | MickeyMontz #Instrumentals",https://www.youtube.com/watch?v=suad7-UI3ic,4:35
Rujay,https://www.youtube.com/@Rujay,"""Double Cross"" - Hard Freestyle Trap Beat | New Rap Hip Hop Instrumental 2019 | FALLD #Instrumentals",https://www.youtube.com/watch?v=fW2flBSkv1M,3:24
Rujay,https://www.youtube.com/@Rujay,"""Fear God"" - Dark Piano Rap Beat | Free Trap Hip Hop Instrumental Music 2017 | Luxray #Instrumentals",https://www.youtube.com/watch?v=DHQPnOagC6M,3:26
Rujay,https://www.youtube.com/@Rujay,"""Love"" - Emotional Rap Beat | New R&B Hip Hop Instrumental Music 2019 | Opium Lights #Instrumentals",https://www.youtube.com/watch?v=HhHPw7AYSXM,3:59
Lethal Needle,https://www.youtube.com/@lethalneedle,(FREE) Old School 90s Hip Hop Type Beat x Boom Bap Instrumental [2022] - Boiling Point,https://www.youtube.com/watch?v=g0jMw6K4o0k,3:59
Lethal Needle,https://www.youtube.com/@lethalneedle,(FREE) Old School 90s Mobb Deep Type Beat x Boom Bap Instrumental [2022] - Forsaken,https://www.youtube.com/watch?v=Vp88cMi2bkw,4:29
Lethal Needle,https://www.youtube.com/@lethalneedle,(FREE) Joey Bada$$ x Mac Miller x Alchemist Type Beat [2021] - SpaceJam,https://www.youtube.com/watch?v=ymViGjq2mHw,3:40
Lethal Needle,https://www.youtube.com/@lethalneedle,(FREE) Joey Bada$$ x Old School Boom Bap Type Beat [2022] - Temptation,https://www.youtube.com/watch?v=ut-Q2YGxghY,4:16
Lethal Needle,https://www.youtube.com/@lethalneedle,(FREE) Boom Bap Freestyle Joey Bada$$ x 90s Type Beat [2024] - Unchanged,https://www.youtube.com/watch?v=G40s9L2OlVw&pp=0gcJCesJAYcqIYzv,3:25
Lethal Needle,https://www.youtube.com/@lethalneedle,(FREE) Boom Bap Freestyle x Old School Rap Type Beat [2024] - Banknotes,https://www.youtube.com/watch?v=3N9Fr_oRl-8,4:11
Lethal Needle,https://www.youtube.com/@lethalneedle,(FREE) Joey Bada$$ x Old School Boom Bap Type Beat [2021] - Smoke,https://www.youtube.com/watch?v=67pMSiEZiYM,3:39
Lethal Needle,https://www.youtube.com/@lethalneedle,(FREE) 90s Old School Freestyle Boom Bap Rap Type Beat [2023] - Slang,https://www.youtube.com/watch?v=MnOAG1h3OCk,3:11
Lethal Needle,https://www.youtube.com/@lethalneedle,(FREE) 90s Old School Chill Freestyle Boom Bap Type Beat [2023] - Medicate,https://www.youtube.com/watch?v=oP2kSTLmr-8,3:49
Lethal Needle,https://www.youtube.com/@lethalneedle,(FREE) Wu Tang Clan x Mobb Deep Old School Type Beat [2020] - Bonafide,https://www.youtube.com/watch?v=7qU8-ZyMxVg,3:50
Pendo46,https://www.youtube.com/@Pendo46,"(FREE) Eminem x Hopsin Type Beat - ""GRINCH"" | Christmas Freestyle Beat | Pendo46 x Lexnour",https://www.youtube.com/watch?v=XYYcT01ahlQ,4:12
Pendo46,https://www.youtube.com/@Pendo46,Dark NF Type Beat - AWAKEN | Cinematic Hard Rap Type Beat | Aggressive Type Beat | Pendo46 x Jurrivh,https://www.youtube.com/watch?v=AHwNGQlf8VI,4:41
Pendo46,https://www.youtube.com/@Pendo46,"(FREE) Eminem x Joyner Lucas Type Beat ""JOKE"" | Aggressive Freestyle Type Beat | Pendo46 x Lexnour",https://www.youtube.com/watch?v=cIk8lw3Xzx4,3:29
Pendo46,https://www.youtube.com/@Pendo46,"(FREE FOR PROFIT) ""GOTHAM"" - Logic x Joyner Lucas Type Beat | Hard Freestyle Type Beat | PENDO46",https://www.youtube.com/watch?v=4_0VhWGKcUw,3:39
Pendo46,https://www.youtube.com/@Pendo46,(HARD) NF Type Beat ~ Reality | Dark instrumental 2019 | Prod. Pendo46,https://www.youtube.com/watch?v=wMp0rkKPBuo,4:10
Pendo46,https://www.youtube.com/@Pendo46,BlocBoy JB Ft. 21 Savage - Rover 2.0 (instrumental) [Reprod. Pendo46],https://www.youtube.com/watch?v=jBYTh_fhvxs,4:36
Pendo46,https://www.youtube.com/@Pendo46,"(FREE FOR PROFIT) Eminem Type Beat ""MURDER"" | Diss x Freestyle Type Beat | Slim Shady Type Beat",https://www.youtube.com/watch?v=mX632LcK1Fo&pp=0gcJCesJAYcqIYzv,5:58
Pendo46,https://www.youtube.com/@Pendo46,"(FREE FOR PROFIT) ""DIVIDED"" - NF x Stormzy Type Beat | Angry/Dark instrumental | Pendo46",https://www.youtube.com/watch?v=_14f19OcwdY,4:30
Pendo46,https://www.youtube.com/@Pendo46,"(FREE FOR PROFIT) ""INSIDIOUS"" - NF Type Beat | Dark & Hard Type Beat | Prod. Pendo46",https://www.youtube.com/watch?v=MRhfO_shcvM,5:16
Pendo46,https://www.youtube.com/@Pendo46,"(SOLD) ""Psycho"" | NF x Hopsin Type Beat | Dark Rap instrumental 2019 | Prod. Pendo46",https://www.youtube.com/watch?v=qKnyHXm53is,3:58
Adib,https://www.youtube.com/@AdibProducer,‡¶Æ‡¶® ‡¶≠‡¶æ‡¶¨‡ßá ‡¶è‡¶ï ‡¶Æ‡¶®‡ßá | Mon Bhabe Ek Mone | Adib | Sup Nasif | @hasansiqbal | Syed Nafis,https://www.youtube.com/watch?v=pAim39ROUU4,4:10
Adib,https://www.youtube.com/@AdibProducer,Ki Jadu | ‡¶ï‡¶ø ‡¶Ø‡¶æ‡¶¶‡ßÅ | Adib | Tahmina Tarin | Pronomi | Zeree | Official Music Video 2024,https://www.youtube.com/watch?v=0NHmqT8hPBY,2:34
Adib,https://www.youtube.com/@AdibProducer,BHALOBASHI | ÏÇ¨ÎûëÌï¥Ïöî | Adib ft. Taufiq Tamim | Official Music Video,https://www.youtube.com/watch?v=EDXdt7kYGKk,3:57
Adib,https://www.youtube.com/@AdibProducer,Apon kore Nao | Adib | Kornia | Kazi Shondhi | Official Music Video | 2019,https://www.youtube.com/watch?v=MA5FblHwjLk,3:36
Adib,https://www.youtube.com/@AdibProducer,Baba | ‡¶¨‡¶æ‡¶¨‡¶æ | Adib | Nur Nobi | Father's Day Special Song 2020 | Bangla New Song,https://www.youtube.com/watch?v=riIRaVIOsIM,3:36
Adib,https://www.youtube.com/@AdibProducer,Adib - ‡¶§‡ßÅ‡¶Æ‡¶ø | Tumi [ ft. @NurNobiofficial  ],https://www.youtube.com/watch?v=MNqUuLYeSBU&pp=0gcJCesJAYcqIYzv,3:36
Adib,https://www.youtube.com/@AdibProducer,Premer Somadhi | ‡¶™‡ßç‡¶∞‡ßá‡¶Æ‡ßá‡¶∞ ‡¶∏‡¶Æ‡¶æ‡¶ß‡¶ø | Rap Mix | Adib | Sumaiya Rimu | Official Music Video 2025,https://www.youtube.com/watch?v=immsLZpMA88,3:44
Adib,https://www.youtube.com/@AdibProducer,‡¶Æ‡¶æ‡¶á‡ßü‡¶æ ‡¶§‡ßÅ‡¶á ‡¶∏‡ßÅ‡¶®‡ßç‡¶¶‡¶∞‡ßÄ | Maiya Tui Shundori | Adib | @hasansiqbal  | Sup Nasif | @NurNobiofficial,https://www.youtube.com/watch?v=SW7gNWsxrQ8&pp=0gcJCesJAYcqIYzv,3:03
Adib,https://www.youtube.com/@AdibProducer,"DAAKPEON (Îì£Í≥†ÏûàÎãà) Adib ft. Taufiq Tamim, Koreanbhai & SHEFA (Official Music Video)",https://www.youtube.com/watch?v=grlOH-V8-Q0,3:55
Adib,https://www.youtube.com/@AdibProducer,Koto Bhalobashi Tomare | Adib x Kornia x Tosiba | Shakila | Official Music Video | Bangla Song 2023,https://www.youtube.com/watch?v=fwRxapscPkQ&pp=0gcJCesJAYcqIYzv,2:59
darkside,https://www.youtube.com/@darkside8461,"Freestyle Beat - ""Flow Power"" | Free Type Beat 2021 | Hard Fast Rap Trap Beat Instrumental",https://www.youtube.com/watch?v=kp5ohqBnqc0,4:11
darkside,https://www.youtube.com/@darkside8461,"Freestyle Beat - ""Flow Punisher"" | Free Type Beat 2022 | Hard Fast Rap Trap Beat Instrumental",https://www.youtube.com/watch?v=1NBfKp7RNkg,4:11
darkside,https://www.youtube.com/@darkside8461,"Freestyle Beat - ""Flow Aimed"" | Free Type Beat 2022 | Hard Fast Rap Trap Beat Instrumental",https://www.youtube.com/watch?v=R9Y3FNjF5IM,4:11
darkside,https://www.youtube.com/@darkside8461,"Freestyle Beat - ""Wanted"" | Free Type Beat 2021 | Hard Fast Rap Trap Beat Instrumental",https://www.youtube.com/watch?v=JD_BOnX_Iak,4:13
darkside,https://www.youtube.com/@darkside8461,"Freestyle Beat - ""Flow Narcos"" | Free Type Beat 2021 | Hard Fast Rap Trap Beat Instrumental",https://www.youtube.com/watch?v=IE7xfAKz-e0,3:49
darkside,https://www.youtube.com/@darkside8461,"Freestyle Beat - ""Flow Water"" | Free Type Beat 2021 | Hard Fast Rap Trap Beat Instrumental",https://www.youtube.com/watch?v=qdBLhbpJuq0,4:13
darkside,https://www.youtube.com/@darkside8461,"Freestyle Beat - ""Flow Ufo"" | Free Type Beat 2021 | Hard Fast Rap Trap Beat Instrumental",https://www.youtube.com/watch?v=S_a2IeeO2CA,4:13
darkside,https://www.youtube.com/@darkside8461,"Freestyle Type Beat - ""Trust"" l Free Type Beat 2022 l Rap Trap Instrumental",https://www.youtube.com/watch?v=-346ywH-d4k,5:02
darkside,https://www.youtube.com/@darkside8461,"Freestyle Beat - ""Flow Freestyle"" | Free Type Beat 2021 | Hard Fast Rap Trap Beat Instrumental",https://www.youtube.com/watch?v=QI5Dx7zuoqg,4:25
darkside,https://www.youtube.com/@darkside8461,"Freestyle Beat - ""Flow Exclusive"" | Free Type Beat 2021 | Hard Fast Rap Trap Beat Instrumental",https://www.youtube.com/watch?v=JPIYY8xTsgw,4:11
KaalaH,https://www.youtube.com/@KaalaH,"[FREE FOR PROFIT] HARD 808 TRAP TYPE BEAT ""DISSINISTER""",https://www.youtube.com/watch?v=cuwdvbSA29g,2:18
KaalaH,https://www.youtube.com/@KaalaH,"[FREE FOR PROFIT] HARD BOUNCY TRAP TYPE BEAT ""DEVIL'S PROMISE""",https://www.youtube.com/watch?v=Z1vaGFMqKSs,2:23
KaalaH,https://www.youtube.com/@KaalaH,"[FREE FOR PROFIT] HARD GANGSTA TRAP TYPE BEAT ""SOLDATO""",https://www.youtube.com/watch?v=EUlTAtnYpjY,3:29
KaalaH,https://www.youtube.com/@KaalaH,"[FREE FOR PROFIT] HARD TRAP TYPE BEAT ""MERCY""",https://www.youtube.com/watch?v=QsYG5O9vFRg,2:34
KaalaH,https://www.youtube.com/@KaalaH,"[FREE FOR PROFIT] (Hard) -Japanese Type Beat - ""Yasuke""",https://www.youtube.com/watch?v=rMirfImmYfA,2:25
KaalaH,https://www.youtube.com/@KaalaH,"FREE FOR PROFIT] HARD BOUNCY MELODIC DRILL TYPE BEAT ""SUPREME""",https://www.youtube.com/watch?v=ctk7cbGAN14,2:23
KaalaH,https://www.youtube.com/@KaalaH,"[FREE FOR PROFIT] HARD BOUNCY TRAP TYPE BEAT ""SILK ROAD""",https://www.youtube.com/watch?v=SQ9F-C1ho9A&pp=0gcJCesJAYcqIYzv,2:02
KaalaH,https://www.youtube.com/@KaalaH,"[FREE FOR PROFIT] HARD AGGRESSIVE TRAP TYPE BEAT ""GLORY""",https://www.youtube.com/watch?v=VGu44zK-qgw,2:18
KaalaH,https://www.youtube.com/@KaalaH,"[FREE FOR PROFIT] HARD BOUNCY TRAP TYPE BEAT ""MARLBORO""",https://www.youtube.com/watch?v=AY2OL2gyQZ0,2:11
KaalaH,https://www.youtube.com/@KaalaH,"[FREE FOR PROFIT] HARD BOUNCY GANGSTA BOOM BAP TYPE BEAT ""OMERT√Å""",https://www.youtube.com/watch?v=AeZVTOZ_L3s,3:07
Riddic X Beats,https://www.youtube.com/@RiddickXBeats,[FREE] NF Type Beat | Mental,https://www.youtube.com/watch?v=p8tuask5Eoo,3:25
Riddic X Beats,https://www.youtube.com/@RiddickXBeats,[FREE] NF Type Beat - Who Am I?,https://www.youtube.com/watch?v=eaxCzAl3duw,2:56
Riddic X Beats,https://www.youtube.com/@RiddickXBeats,"[FREE] Eminem ""Diss Track"" Type Beat - KILLSHOT",https://www.youtube.com/watch?v=8nThRAOpsSg,2:29
Riddic X Beats,https://www.youtube.com/@RiddickXBeats,[FREE] *BEAT WITH HOOK* Nf Type Beat - Through my eyes,https://www.youtube.com/watch?v=sAsGx7rq1bA,3:24
Riddic X Beats,https://www.youtube.com/@RiddickXBeats,"[FREE] SAD NF Type Beat - ""THINKING"" Beat with Hook 2022",https://www.youtube.com/watch?v=aeV9U_tXWLc,3:33
Riddic X Beats,https://www.youtube.com/@RiddickXBeats,NF Type Beat - Escape,https://www.youtube.com/watch?v=TB9YRb1U6MI,4:17
Riddic X Beats,https://www.youtube.com/@RiddickXBeats,"Eminem Type Beat With Hook - ""GOING CRAZY""",https://www.youtube.com/watch?v=LPRaczUn2ZM,3:03
Riddic X Beats,https://www.youtube.com/@RiddickXBeats,[FREE] HARD NF Type Beat - QUIET,https://www.youtube.com/watch?v=TgDa5JDQEOA,4:28
Riddic X Beats,https://www.youtube.com/@RiddickXBeats,Chill Guitar Pop Beat | Good News,https://www.youtube.com/watch?v=jF8e-3KgdsU,2:31
Riddic X Beats,https://www.youtube.com/@RiddickXBeats,"[FREE] NF x Eminem Type Beat - "" JOKER""",https://www.youtube.com/watch?v=26kKbrO8rqg,3:31
B Noize,https://www.youtube.com/@Bnoize,"""Losing My Mind"" - Jazz BoomBap Beat/ Old School HipHop Instrumentalüé∑üò¥",https://www.youtube.com/watch?v=2Y2M-8JG_qY&pp=0gcJCesJAYcqIYzv,3:56
B Noize,https://www.youtube.com/@Bnoize,"90s Jazz BoomBap Beat - ""Soulcream"" | Old School Instrumental",https://www.youtube.com/watch?v=VrZA98ARreA,4:40
B Noize,https://www.youtube.com/@Bnoize,"90s Jazz BoomBap Beat - ""Substance"" | Old School Instrumental Lo Fi",https://www.youtube.com/watch?v=chcC5av7sG8,3:04
B Noize,https://www.youtube.com/@Bnoize,"Hip Hop Instrumental ""Double Time"" - Base de Rap Doble Tempo B Noize 2019",https://www.youtube.com/watch?v=mPdEpSf6-MA,3:10
B Noize,https://www.youtube.com/@Bnoize,"Hip Hop Guitar Instrumental Sad ""Solo Piensa"" - Base de Rap Conciencia",https://www.youtube.com/watch?v=BHRHYa2Bcao,3:20
B Noize,https://www.youtube.com/@Bnoize,"90s Jazz BoomBap Beat - ""Noise In Paris"" | Old School Instrumental",https://www.youtube.com/watch?v=zOFERksz5-k&pp=0gcJCesJAYcqIYzv,3:12
B Noize,https://www.youtube.com/@Bnoize,"90s Jazz BoomBap Beat - ""Pills"" | Old School Instrumental",https://www.youtube.com/watch?v=4UtBqnouN4o,3:15
B Noize,https://www.youtube.com/@Bnoize,"90s Jazz BoomBap Beat - ""U Should Be Fine"" | Old School Instrumental",https://www.youtube.com/watch?v=LAh8e3-mAtM&pp=0gcJCesJAYcqIYzv,4:33
B Noize,https://www.youtube.com/@Bnoize,Samurai Beat l Red Bull Batalla de los Gallos Base l B Noize,https://www.youtube.com/watch?v=ApnQUGBMmUo,4:55
B Noize,https://www.youtube.com/@Bnoize,CALM MY SOUL  - Jazz Rap Beat/ Old School LoFi HipHop Instrumental,https://www.youtube.com/watch?v=llicpJ5q42s,3:07
DEXTAH,https://www.youtube.com/@dextah,"[FREE] Notorious BIG x Wu-Tang Clan Type Beat - ""PSYCHO"" (Prod. By. DEXTAH)",https://www.youtube.com/watch?v=9aKMG2HH794,3:45
DEXTAH,https://www.youtube.com/@dextah,"[FREE] ""SHOOTER"" - Rap Freestyle Type Beat | Dark Underground Boom Bap Type Beat 2023",https://www.youtube.com/watch?v=Ajt_cFN8XRo,3:27
DEXTAH,https://www.youtube.com/@dextah,"[FREE] ""BLAME ME"" - Rap Freestyle Type Beat | Dark Underground Boom Bap Type Beat 2023",https://www.youtube.com/watch?v=VPA-1BKocto,3:37
DEXTAH,https://www.youtube.com/@dextah,"[FREE] ""LAWBREAKER"" - Rap Freestyle Type Beat | Dark Underground Boom Bap Type Beat 2024",https://www.youtube.com/watch?v=i_nFcEDRb7w,4:00
DEXTAH,https://www.youtube.com/@dextah,"[FREE] ""ON MY BLOCK"" - Rap Freestyle Type Beat | Hard Underground Boom Bap Type Beat | DEXTAH",https://www.youtube.com/watch?v=GLTYaHUMd6Q,3:44
DEXTAH,https://www.youtube.com/@dextah,"[FREE] ""BACK DOWN"" - Rap Freestyle Type Beat | Dark Underground Boom Bap Type Beat 2023",https://www.youtube.com/watch?v=mdE98AGSGng,3:39
DEXTAH,https://www.youtube.com/@dextah,"[FREE] ""WRONG MOVE"" - Rap Freestyle Type Beat | Dark Underground Boom Bap Type Beat 2022",https://www.youtube.com/watch?v=lNISdvFAsX0,3:37
DEXTAH,https://www.youtube.com/@dextah,"[FREE] ""GANG GANG"" - Rap Freestyle Type Beat | Dark Underground Boom Bap Type Beat 2023",https://www.youtube.com/watch?v=Ldne1nTSdFM&pp=0gcJCesJAYcqIYzv,3:33
DEXTAH,https://www.youtube.com/@dextah,"[FREE] ""BATTLE"" - Rap Freestyle Type Beat | Dark Underground Boom Bap Type Beat 2023",https://www.youtube.com/watch?v=jmvRhcq9vbo,3:37
DEXTAH,https://www.youtube.com/@dextah,"[FREE] Notorious BIG x Wu-Tang Clan Type Beat - ""3 BRICKS"" (Prod. By. DEXTAH)",https://www.youtube.com/watch?v=oBPgLY2AZWQ,4:38
Doz Beats,https://www.youtube.com/@DozBeats,"[FREE] Old School Boom Bap Type Beat ""Terror"" | Underground Hip Hop Rap Instrumental | Doz Beats",https://www.youtube.com/watch?v=vw9YRMiSf1U,3:44
Doz Beats,https://www.youtube.com/@DozBeats,"[FREE] Old School Boom Bap Type Beat ""CONSCIOUS"" | Underground Hip Hop Rap Instrumental | Doz Beats",https://www.youtube.com/watch?v=YLibLk6pyHM,3:33
Doz Beats,https://www.youtube.com/@DozBeats,"[FREE] Old School Boom Bap Type Beat ""Movie"" | Underground Hip Hop Rap Instrumental | Doz Beats",https://www.youtube.com/watch?v=BGvWSNxPDFM,3:21
Doz Beats,https://www.youtube.com/@DozBeats,"[SOLD] Old School Boom Bap Type Beat ""Escape "" | Underground Hip Hop Rap Instrumental | Doz Beats",https://www.youtube.com/watch?v=5RRVAnMaNUc,3:36
Doz Beats,https://www.youtube.com/@DozBeats,"[SOLD] Old School Boom Bap Type Beat ""RISE"" | Underground Hip Hop Rap Instrumental | Doz Beats",https://www.youtube.com/watch?v=5hLXD5b2u-o,3:12
Doz Beats,https://www.youtube.com/@DozBeats,"[FREE] Old School Boom Bap Type Beat ""ME"" | Underground Hip Hop Rap Instrumental | Doz Beats",https://www.youtube.com/watch?v=vM2_8MzpqQI,3:39
Doz Beats,https://www.youtube.com/@DozBeats,"[FREE] Old School Boom Bap Type Beat ""Takeover"" | Underground Hip Hop Rap Instrumental | Doz Beats",https://www.youtube.com/watch?v=KNy7re6-9Es,3:14
Doz Beats,https://www.youtube.com/@DozBeats,"[SOLD] Old School Boom Bap Type Beat ""HARD"" | Underground Hip Hop Rap Instrumental | Doz Beats",https://www.youtube.com/watch?v=AeHvTQ0RKhc,3:29
Doz Beats,https://www.youtube.com/@DozBeats,"[SOLD] Old School Boom Bap Type Beat ""Move On"" | Underground Hip Hop Rap Instrumental | Doz Beats",https://www.youtube.com/watch?v=Zb2qNp3v5MI,3:36
Doz Beats,https://www.youtube.com/@DozBeats,"[FREE] Old School Boom Bap Type Beat ""GO BACK"" | Underground Hip Hop Rap Instrumental | Doz Beats",https://www.youtube.com/watch?v=JegDO_Mf468,3:41
Soul Snap,https://www.youtube.com/@SoulSnap-t9p,(FREE) HARD FREESTYLE BOOM BAP TYPE BEAT - HOPE,https://www.youtube.com/watch?v=nnU3ywSvjek&pp=0gcJCesJAYcqIYzv,3:30
Soul Snap,https://www.youtube.com/@SoulSnap-t9p,(FREE) HARD FREESTYLE BOOM BAP TYPE BEAT - VISION,https://www.youtube.com/watch?v=mXZqDm8ZhQM,3:31
Soul Snap,https://www.youtube.com/@SoulSnap-t9p,(FREE) HARD FREESTYLE BOOM BAP TYPE BEAT - PAPER,https://www.youtube.com/watch?v=75qc2p7c7cE,3:08
Soul Snap,https://www.youtube.com/@SoulSnap-t9p,(FREE) HARD FREESTYLE BOOM BAP TYPE BEAT - MY WORLD,https://www.youtube.com/watch?v=tNYrk2emTmM,3:29
Soul Snap,https://www.youtube.com/@SoulSnap-t9p,(FREE) HARD FREESTYLE BOOM BAP TYPE BEAT - UNIQUE,https://www.youtube.com/watch?v=ZGdUKPNgTPQ&pp=0gcJCesJAYcqIYzv,3:27
Soul Snap,https://www.youtube.com/@SoulSnap-t9p,(FREE) HARD FREESTYLE BOOM BAP TYPE BEAT - IN THE CLUB,https://www.youtube.com/watch?v=kC-4Tdx0LEA,3:57
Soul Snap,https://www.youtube.com/@SoulSnap-t9p,(FREE) HARD FREESTYLE BOOM BAP TYPE BEAT - SLOWLY,https://www.youtube.com/watch?v=Ja3wS_cJEhQ,3:36
Soul Snap,https://www.youtube.com/@SoulSnap-t9p,(FREE) HARD FREESTYLE BOOM BAP TYPE BEAT - WHY,https://www.youtube.com/watch?v=YaKrmWa4Xfk,3:52
Soul Snap,https://www.youtube.com/@SoulSnap-t9p,(FREE) HARD FREESTYLE BOOM BAP TYPE BEAT - VIBIN,https://www.youtube.com/watch?v=1S8jOoPCzxw,3:15
Soul Snap,https://www.youtube.com/@SoulSnap-t9p,(FREE) HARD FREESTYLE BOOM BAP TYPE BEAT - FLOW SWITCH,https://www.youtube.com/watch?v=hS3Ko3Uw1bQ,3:38
leok,https://www.youtube.com/@leok__,"""Forgotten Love"" Italian Type Beat | leok",https://www.youtube.com/watch?v=R0asOz89aLE,3:55
leok,https://www.youtube.com/@leok__,"Russian Type Beat ""Voices"" | leok",https://www.youtube.com/watch?v=OMozrok3rOU,2:55
leok,https://www.youtube.com/@leok__,"""INGRATO"" ITALIAN TYPE BEAT | leok",https://www.youtube.com/watch?v=TvsUOjS5hLo&pp=0gcJCesJAYcqIYzv,3:28
leok,https://www.youtube.com/@leok__,"(FREE) ""SO CLOSE"" - ITALIAN TYPE BEAT| Hip Hop Instrumental | leok",https://www.youtube.com/watch?v=aB2t2RzhQKQ,3:25
leok,https://www.youtube.com/@leok__,"(FREE) ""SOME DREAMS"" - ITALIAN TYPE BEAT| Hip Hop Instrumental | leok",https://www.youtube.com/watch?v=B-p85AbJrr8,2:24
leok,https://www.youtube.com/@leok__,"(FREE) ""VITO"" - ITALIAN TYPE BEAT| Hip Hop Instrumental | leok",https://www.youtube.com/watch?v=ZFPpZ8arVsg,3:06
leok,https://www.youtube.com/@leok__,"""Vendetta"" - Italian Type Beat| Hip Hop Instrumental | leok",https://www.youtube.com/watch?v=8FMgJye0hJk,2:19
leok,https://www.youtube.com/@leok__,"(FREE) ""BABOSA"" - SPANISH GUITAR TYPE BEAT| Hip Hop Instrumental | leok",https://www.youtube.com/watch?v=ML3yG-kbBm8,2:14
leok,https://www.youtube.com/@leok__,"""SEDURRE"" - ITALIAN TYPE BEAT | leok",https://www.youtube.com/watch?v=ISmsTLv6nxY&pp=0gcJCesJAYcqIYzv,2:48
leok,https://www.youtube.com/@leok__,"""Changretta"" - Italian Type Beat| Hip Hop Instrumental | leok",https://www.youtube.com/watch?v=Abve-ctt3JQ,2:50
prodbystone,https://www.youtube.com/@prodbystonne,"[FREE FOR PROFIT] Melodic Type Beat - ""Away""",https://www.youtube.com/watch?v=_GJvUGoQnxQ,2:22
prodbystone,https://www.youtube.com/@prodbystonne,"[FREE FOR PROFIT] Melodic Type Beat - ""Dream Chaser""",https://www.youtube.com/watch?v=g7Eo5sLnH_0,2:53
prodbystone,https://www.youtube.com/@prodbystonne,"[FREE FOR PROFIT] Melodic Type Beat - ""Promises""",https://www.youtube.com/watch?v=zrOFNl9xOAA,2:01
prodbystone,https://www.youtube.com/@prodbystonne,"[FREE FOR PROFIT] Melodic Type Beat - ""Awake""",https://www.youtube.com/watch?v=gImVWE6k_Lk,2:25
prodbystone,https://www.youtube.com/@prodbystonne,"[FREE FOR PROFIT] Melodic Type Beat - ""NO TIME""",https://www.youtube.com/watch?v=6GQ5rz8DSFU,2:30
prodbystone,https://www.youtube.com/@prodbystonne,"[FREE FOR PROFIT] Melodic Type Beat - ""Stayed True""",https://www.youtube.com/watch?v=HTolrag_h8I,2:17
prodbystone,https://www.youtube.com/@prodbystonne,"[FREE FOR PROFIT] Melodic Type Beat - ""Too fly""",https://www.youtube.com/watch?v=PVLequwsyuA,2:20
prodbystone,https://www.youtube.com/@prodbystonne,Error,https://www.youtube.com/watch?v=6vUsI84XLk0,Error
prodbystone,https://www.youtube.com/@prodbystonne,Error,https://www.youtube.com/watch?v=Os2nJNLAsTI&pp=0gcJCesJAYcqIYzv,Error
prodbystone,https://www.youtube.com/@prodbystonne,Error,https://www.youtube.com/watch?v=SCp1QUz87kY,Error
Lucy Beatz II,https://www.youtube.com/@lucybeatzii7045,Error,https://www.youtube.com/watch?v=5FX6jQ5p-38&pp=0gcJCesJAYcqIYzv,Error
Lucy Beatz II,https://www.youtube.com/@lucybeatzii7045,Error,https://www.youtube.com/watch?v=dSto_fkfpr0,Error
Lucy Beatz II,https://www.youtube.com/@lucybeatzii7045,Error,https://www.youtube.com/watch?v=dd2eC5bWru8,Error
Lucy Beatz II,https://www.youtube.com/@lucybeatzii7045,Error,https://www.youtube.com/watch?v=yhsgey7TvTc,Error
Lucy Beatz II,https://www.youtube.com/@lucybeatzii7045,Error,https://www.youtube.com/watch?v=sHUJW7F1_Fc&pp=0gcJCesJAYcqIYzv,Error
Lucy Beatz II,https://www.youtube.com/@lucybeatzii7045,Error,https://www.youtube.com/watch?v=WY8PSdcnnOk,Error
Lucy Beatz II,https://www.youtube.com/@lucybeatzii7045,Error,https://www.youtube.com/watch?v=rsdEoGO0p0U,Error
Lucy Beatz II,https://www.youtube.com/@lucybeatzii7045,Error,https://www.youtube.com/watch?v=HV1d9FzdfdE,Error
Lucy Beatz II,https://www.youtube.com/@lucybeatzii7045,Error,https://www.youtube.com/watch?v=h4rxfptKOD0,Error
Lucy Beatz II,https://www.youtube.com/@lucybeatzii7045,Error,https://www.youtube.com/watch?v=b0ZGSi2T260,Error
